sura_no,aya_no,aya_text,madd_6_Lazim,madd_246,madd_6,madd_2,Ikhfaa,Idgham,tafkhim,qalqala,imala
1.0,1.0,اِ۬لْحَمْدُ لِلهِ رَبِّ اِ۬لْعَٰلَمِينَ,[-1],[-1],[36],[31],[-1],[-1],"[18, 19]",[-1],[-1]
1.0,2.0,اَ۬لرَّحْمَٰنِ اِ۬لرَّحِيمِ,[-1],[24],[-1],[11],[-1],"[3, 18]","[4, 5, 6, 19, 20, 21]",[-1],[-1]
1.0,3.0,مَلِكِ يَوْمِ اِ۬لدِّينِ,[-1],[21],[-1],[-1],[-1],[17],[-1],[-1],[-1]
1.0,4.0,إِيَّاكَ نَعْبُدُ وَإِيَّاكَ نَسْتَعِينُ,[-1],[37],[-1],[-1],[-1],[-1],[-1],[-1],[-1]
1.0,5.0,اُ۪هْدِنَا اَ۬لصِّرَٰطَ اَ۬لْمُسْتَقِيمَ,[-1],[36],[-1],[19],[-1],[13],"[14, 15, 16, 17, 18, 20, 21, 34, 35]",[-1],[-1]
1.0,6.0,صِرَٰطَ اَ۬لذِينَ أَنْعَمْتَ عَلَيْهِمْ,[-1],[-1],[-1],[4],[-1],[-1],"[0, 1, 2, 3, 5, 6]",[-1],[-1]
1.0,7.0,غَيْرِ اِ۬لْمَغْضُوبِ عَلَيْهِمْ وَلَا اَ۬لضَّآلِّينَ,"[46, 47]",[51],[-1],[-1],[-1],[-1],"[0, 1, 14, 15, 16, 17, 43, 44, 45]",[-1],[-1]
87.0,1.0,سَبِّحِ اِ۪سْمَ رَبِّكَ اَ۬لَاعْلَي,[-1],[-1],[-1],[-1],[-1],[-1],"[16, 17]",[-1],[-1]
87.0,2.0,اَ۬لذِے خَلَقَ فَسَوّ۪ىٰ,[-1],[-1],[-1],[-1],[-1],[-1],"[8, 9, 12, 13]",[-1],"[19, 20, 21]"
87.0,3.0,وَالذِے قَدَّرَ فَهَد۪ىٰ,[-1],[-1],[-1],[-1],[-1],[2],"[8, 9, 13, 14]",[-1],"[20, 21]"
87.0,4.0,وَالذِےٓ أَخْرَجَ اَ۬لْمَرْع۪ىٰ,[-1],[-1],"[6, 7]",[-1],[-1],[2],"[11, 12, 13, 14, 25, 26]",[-1],"[27, 28]"
87.0,5.0,فَجَعَلَهُۥ غُثَآءً اَحْو۪ىٰ,[-1],[-1],"[16, 17]",[10],[-1],[-1],"[12, 13]",[-1],"[25, 26]"
87.0,6.0,سَنُقْرِئُكَ فَلَا تَنس۪ىٰٓ,[-1],[-1],[-1],[-1],[22],[-1],[-1],"[4, 5]","[23, 24]"
87.0,7.0,إِلَّا مَا شَآءَ اَ۬للَّهُ إِنَّهُۥ يَعْلَمُ اُ۬لْجَهْرَ وَمَا يَخْف۪ىٰ,[-1],[-1],"[13, 14]",[36],"[31, 32, 33]",[-1],"[22, 23, 24, 56, 57, 67, 68]",[-1],"[69, 70]"
87.0,8.0,وَنُيَسِّرُكَ لِلْيُسْر۪ىٰ,[-1],[-1],[-1],[-1],[-1],[-1],[-1],[-1],"[22, 23]"
87.0,9.0,فَذَكِّرِ اِن نَّفَعَتِ اِ۬لذِّكْر۪ىٰ,[-1],[-1],[-1],[-1],"[14, 15, 16]",[27],[-1],[-1],"[33, 34]"
87.0,10.0,سَيَذَّكَّرُ مَنْ يَّخْش۪ىٰ,[-1],[-1],[-1],[-1],"[18, 19, 20]","[15, 16]","[10, 11, 21, 22]",[-1],"[23, 24]"
87.0,11.0,وَيَتَجَنَّبُهَا اَ۬لَاشْقَي,[-1],[-1],[-1],[-1],"[8, 9, 10]",[-1],"[25, 26]",[-1],[-1]
87.0,12.0,اَ۬لذِے يَصْلَى اَ۬لنَّارَ اَ۬لْكُبْر۪ىٰ,[-1],[-1],[-1],[-1],"[20, 21, 22]",[19],"[10, 11, 12, 13, 24, 25]","[34, 35]","[36, 37]"
87.0,13.0,ثُمَّ لَا يَمُوتُ فِيهَا وَلَا يَحْي۪ىٰ,[-1],[-1],[-1],[-1],"[2, 3, 4]",[-1],[-1],[-1],"[35, 36]"
87.0,14.0,قَدَ اَفْلَحَ مَن تَزَكّ۪ىٰ,[-1],[-1],[-1],[-1],[16],[-1],"[0, 1]",[-1],"[22, 23, 24]"
87.0,15.0,وَذَكَرَ اَ۪سْمَ رَبِّهِۦ فَصَلّ۪ىٰ,[-1],[-1],[-1],[24],[-1],[-1],"[6, 7, 17, 18, 28, 29]",[-1],"[30, 31, 32]"
87.0,16.0,بَلْ تُوثِرُونَ اَ۬لْحَيَوٰةَ اَ۬لدُّنْي۪ا,[-1],[-1],[-1],[26],[-1],"[25, 33]",[-1],[-1],"[39, 40]"
87.0,17.0,وَالَاخِرَةُ خَيْرٞ وَأَبْق۪ىٰٓ,[-1],[5],[-1],[-1],"[20, 21]","[2, 18]","[6, 7, 13, 14, 26]","[24, 25]","[26, 27]"
87.0,18.0,إِنَّ هَٰذَا لَفِے اِ۬لصُّحُفِ اِ۬لُاول۪ىٰ,[-1],[37],[-1],[8],"[2, 3, 4]",[22],"[23, 24, 25]",[-1],"[38, 39]"
87.0,19.0,صُحُفِ إِبْرَٰهِيمَ وَمُوس۪ىٰ,[-1],[-1],[13],[-1],[-1],[-1],"[0, 1, 11, 12]","[9, 10]","[25, 26]"
88.0,1.0,هَلَ اَت۪يٰكَ حَدِيثُ اُ۬لْغَٰشِيَةِ,[-1],[-1],[-1],"[10, 29]",[-1],[9],"[27, 28]",[-1],"[7, 8]"
88.0,2.0,وُجُوهٞ يَوْمَئِذٍ خَٰشِعَةٌ,[-1],[-1],[-1],[21],"[8, 9]",[6],"[19, 20]",[-1],[-1]
88.0,3.0,عَامِلَةٞ نَّاصِبَةٞ,[-1],[-1],[-1],[-1],"[10, 11, 12]",[8],"[14, 15]",[-1],[-1]
88.0,4.0,تَصْلَىٰ نَاراً حَامِيَةٗ,[-1],[-1],[-1],[-1],[-1],[-1],"[2, 3, 4, 5, 12]",[-1],[-1]
88.0,5.0,تُسْق۪ىٰ مِنْ عَيْنٍ اٰنِيَةٖ,[-1],[21],[-1],[-1],[-1],[-1],[4],[-1],"[4, 5]"
88.0,6.0,لَّيْسَ لَهُمْ طَعَامٌ اِلَّا مِن ضَرِيعٖ,[-1],[38],[-1],[-1],[32],[-1],"[15, 16, 34, 35]",[-1],[-1]
88.0,7.0,لَّا يُسْمِنُ وَلَا يُغْنِے مِن جُوعٖ,[-1],[34],[-1],[-1],[30],[-1],"[22, 23]",[-1],[-1]
88.0,8.0,وُجُوهٞ يَوْمَئِذٖ نَّاعِمَةٞ,[-1],[-1],[-1],[-1],"[8, 9, 19, 20, 21]","[6, 17]",[-1],[-1],[-1]
88.0,9.0,لِّسَعْيِهَا رَاضِيَةٞ,[-1],[-1],[-1],[-1],[-1],[-1],"[13, 14, 16, 17]",[-1],[-1]
88.0,10.0,فِے جَنَّةٍ عَالِيَةٖ,[-1],[-1],[-1],[-1],"[6, 7, 8]",[-1],[-1],[-1],[-1]
88.0,11.0,لَّا تُسْمَعُ فِيهَا لَٰغِيَةٞ,[-1],[-1],[-1],[23],[-1],[-1],"[24, 25]",[-1],[-1]
88.0,12.0,فِيهَا عَيْنٞ جَارِيَةٞ,[-1],[-1],[-1],[-1],[12],[-1],[-1],[-1],[-1]
88.0,13.0,فِيهَا سُرُرٞ مَّرْفُوعَةٞ,[-1],[-1],[-1],[-1],"[13, 14, 15, 16]",[12],"[9, 10, 11, 17, 18]",[-1],[-1]
88.0,14.0,وَأَكْوَابٞ مَّوْضُوعَةٞ,[-1],[-1],[-1],[-1],"[12, 13, 14]",[10],"[17, 18]",[-1],[-1]
88.0,15.0,وَنَمَارِقُ مَصْفُوفَةٞ,[-1],[-1],[-1],[-1],[-1],[-1],"[9, 10, 14, 15]",[-1],[-1]
88.0,16.0,وَزَرَابِيُّ مَبْثُوثَةٌ,[-1],[-1],[-1],[-1],[-1],[-1],"[4, 5]","[15, 16]",[-1]
88.0,17.0,اَفَلَا يَنظُرُونَ إِلَى اَ۬لِابِلِ كَيْفَ خُلِقَتْ,[-1],[-1],[-1],[-1],[12],[-1],"[13, 14, 15, 16, 45, 46, 49, 50]",[-1],[-1]
88.0,18.0,وَإِلَى اَ۬لسَّمَآءِ كَيْفَ رُفِعَتْ,[-1],[-1],"[17, 18]",[-1],[-1],[11],"[29, 30]",[-1],[-1]
88.0,19.0,وَإِلَى اَ۬لْجِبَالِ كَيْفَ نُصِبَتْ,[-1],[-1],[-1],[-1],[-1],[-1],"[30, 31]",[-1],[-1]
88.0,20.0,وَإِلَى اَ۬لَارْضِ كَيْفَ سُطِحَتْ,[-1],[-1],[-1],[-1],[-1],[-1],"[14, 15, 16, 17, 28, 29]",[-1],[-1]
88.0,21.0,فَذَكِّرِ اِنَّمَآ أَنتَ مُذَكِّرٞ,[-1],[-1],"[17, 18]",[-1],"[12, 13, 14, 22]",[-1],[-1],[-1],[-1]
88.0,22.0,لَّسْتَ عَلَيْهِم بِمُصَيْطِرٍ,[-1],[-1],[-1],[-1],[16],[-1],"[22, 23, 26, 27]",[-1],[-1]
88.0,23.0,اِلَّا مَن تَوَلّ۪ىٰ وَكَفَرَ,[-1],[-1],[-1],[-1],[9],[-1],[27],[-1],[-1]
88.0,24.0,فَيُعَذِّبُهُ اُ۬للَّهُ اُ۬لْعَذَابَ اَ۬لَاكْبَرَ,[-1],[-1],[-1],[-1],[-1],[-1],"[18, 19, 20, 47]",[-1],[-1]
88.0,25.0,إِنَّ إِلَيْنَآ إِيَابَهُمْ,[-1],[-1],"[14, 15]",[-1],"[2, 3, 4]",[-1],[-1],[-1],[-1]
88.0,26.0,ثُمَّ إِنَّ عَلَيْنَا حِسَابَهُمْ,[-1],[-1],[-1],[-1],"[2, 3, 4, 8, 9, 10]",[-1],[-1],[-1],[-1]
89.0,1.0,وَالْفَجْرِ,[-1],[-1],[-1],[-1],[-1],[2],[9],"[7, 8]",[-1]
89.0,2.0,وَلَيَالٍ عَشْرٖ,[-1],[-1],[-1],[-1],[-1],[-1],[14],[-1],[-1]
89.0,3.0,وَالشَّفْعِ وَالْوَتْرِ,[-1],[-1],[-1],[-1],[-1],"[2, 3]",[21],[-1],[-1]
89.0,4.0,وَاليْلِ إِذَا يَسْرِۦ,[-1],[-1],[-1],[-1],[-1],[2],[19],[-1],[-1]
89.0,5.0,هَلْ فِے ذَٰلِكَ قَسَمٞ لِّذِے حِجْرٍ,[-1],[-1],[-1],[11],[-1],[22],"[17, 18]","[33, 34]",[-1]
89.0,6.0,اَلَمْ تَرَ كَيْفَ فَعَلَ رَبُّكَ بِعَادٍ,[-1],[38],[-1],[-1],[-1],[-1],"[9, 10, 26, 27]",[39],[-1]
89.0,7.0,اِرَمَ ذَاتِ اِ۬لْعِمَادِ,[-1],[22],[-1],[-1],[-1],[-1],"[2, 3]",[23],[-1]
89.0,8.0,اِ۬لتِے لَمْ يُخْلَقْ مِثْلُهَا فِے اِ۬لْبِلَٰدِ,[-1],[45],[-1],[-1],[-1],[-1],"[15, 16]","[19, 20, 46]",[-1]
89.0,9.0,وَثَمُودَ اَ۬لذِينَ جَابُواْ اُ۬لصَّخْرَ بِالْوَادِۦ,[-1],[48],[-1],[-1],[-1],"[26, 27, 32, 43]","[33, 34, 35, 36, 37, 38, 39]",[49],[-1]
89.0,10.0,وَفِرْعَوْنَ ذِے اِ۬لَاوْتَادِ,[-1],[27],[-1],[-1],[-1],[-1],[-1],[28],[-1]
89.0,11.0,اِ۬لذِينَ طَغَوْاْ فِے اِ۬لْبِلَٰدِ,[-1],[32],[-1],[-1],[-1],"[16, 17]","[10, 11, 12, 13]",[33],[-1]
89.0,12.0,فَأَكْثَرُواْ فِيهَا اَ۬لْفَسَادَ,[-1],[30],[-1],[-1],[-1],"[11, 12]","[8, 9]",[31],[-1]
89.0,13.0,فَصَبَّ عَلَيْهِمْ رَبُّكَ سَوْطَ عَذَابٍ,[-1],[38],[-1],[-1],[-1],[-1],"[2, 3, 19, 20, 31, 32]",[39],[-1]
89.0,14.0,اِنَّ رَبَّكَ لَبِالْمِرْصَادِ,[-1],[27],[-1],[-1],"[2, 3, 4]",[18],"[6, 7, 23, 24, 25, 26]",[28],[-1]
89.0,15.0,فَأَمَّا اَ۬لِانسَٰنُ إِذَا مَا اَ۪بْتَل۪يٰهُ رَبُّهُۥ فَأَكْرَمَهُۥ وَنَعَّمَهُۥ,[-1],[-1],[-1],"[18, 42, 53, 67, 80]","[4, 5, 6, 15]",[41],"[46, 47, 61, 62]","[35, 36]","[39, 40]"
89.0,16.0,فَيَقُولُ رَبِّيَ أَكْرَمَنِۦ,[-1],[-1],[-1],[-1],[-1],[-1],"[4, 5, 10, 11, 22, 23]",[-1],[-1]
89.0,17.0,وَأَمَّآ إِذَا مَا اَ۪بْتَل۪يٰهُ فَقَدَرَ عَلَيْهِ رِزْقَهُۥ,[-1],[-1],"[7, 8]","[30, 60]","[4, 5, 6]",[29],"[36, 37, 40, 41, 56, 57]","[23, 24]",[-1]
89.0,18.0,فَيَقُولُ رَبِّيَ أَهَٰنَنِۦ,[-1],[-1],[-1],[22],[-1],[-1],"[4, 5, 10, 11]",[-1],[-1]
89.0,19.0,كَلَّا بَل لَّا تُكْرِمُونَ اَ۬لْيَتِيمَ,[-1],[38],[-1],[-1],[-1],[-1],[-1],[-1],[-1]
89.0,20.0,وَلَا تَحُضُّونَ عَلَىٰ طَعَامِ اِ۬لْمِسْكِينِ,[-1],[43],[-1],[-1],[-1],[-1],"[10, 11, 12, 24, 25]",[-1],[-1]
89.0,21.0,وَتَاكُلُونَ اَ۬لتُّرَاثَ أَكْلاٗ لَّمّاٗ,[-1],[-1],[-1],[-1],"[37, 38]","[16, 32]","[20, 21]",[-1],[-1]
89.0,22.0,وَتُحِبُّونَ اَ۬لْمَالَ حُبّاٗ جَمّاٗ,[-1],[-1],[-1],[-1],"[29, 33, 34]",[-1],[-1],[-1],[-1]
89.0,23.0,كَلَّآ إِذَا دُكَّتِ اِ۬لَارْضُ دَكّاٗ دَكّاٗ,[-1],[-1],[6],[-1],[39],[-1],"[29, 30, 31, 32]",[-1],[-1]
89.0,24.0,وَجَآءَ رَبُّكَ وَالْمَلَكُ صَفّاٗ صَفّاٗ,[-1],[-1],"[4, 5]",[-1],[34],[19],"[9, 10, 29, 30, 36, 37]",[-1],[-1]
89.0,25.0,وَجِےٓءَ يَوْمَئِذِۢ بِجَهَنَّمَ,[-1],[-1],"[4, 5]",[-1],"[19, 27, 28, 29]",[-1],[-1],[-1],[-1]
89.0,26.0,يَوْمَئِذٖ يَتَذَكَّرُ اُ۬لِانسَٰنُ وَأَنّ۪ىٰ لَهُ اُ۬لذِّكْر۪ىٰ,[-1],[-1],[-1],[32],"[11, 12, 29, 40, 41]","[9, 55]","[20, 21]",[-1],"[40, 41, 42, 61, 62]"
89.0,27.0,يَقُولُ يَٰلَيْتَنِے قَدَّمْتُ لِحَيَاتِے,[-1],[-1],[-1],[10],[-1],[-1],"[2, 3, 21, 22]",[-1],[-1]
89.0,28.0,فَيَوْمَئِذٖ لَّا يُعَذِّبُ عَذَابَهُۥٓ أَحَدٞ,[-1],[-1],"[37, 38]",[-1],[-1],[11],[-1],[44],[-1]
89.0,29.0,وَلَا يُوثِقُ وَثَاقَهُۥٓ أَحَدٞ,[-1],[-1],"[23, 24]",[-1],[-1],[-1],"[11, 12, 19, 20]",[30],[-1]
89.0,30.0,يَٰٓأَيَّتُهَا اَ۬لنَّفْسُ اُ۬لْمُطْمَئِنَّةُ,[-1],[-1],"[2, 3]",[-1],"[19, 20, 21, 40, 41, 42]",[18],[-1],"[34, 35]",[-1]
89.0,31.0,اُ۪رْجِعِےٓ إِلَىٰ رَبِّكِ رَاضِيَةٗ مَّرْضِيَّةٗ,[-1],[-1],"[9, 10]",[-1],"[37, 38, 39]",[35],"[3, 4, 19, 20, 27, 28, 30, 31, 40, 41, 42, 43]",[-1],[-1]
89.0,32.0,فَادْخُلِے فِے عِبَٰدِے وَادْخُلِے جَنَّتِے,[-1],[-1],[-1],[19],"[37, 38, 39]","[2, 26]","[5, 6, 29, 30]","[3, 4, 27, 28]",[-1]
90.0,1.0,لَآ أُقْسِمُ بِهَٰذَا اَ۬لْبَلَدِ,[-1],[-1],"[2, 3]",[18],[-1],[-1],[-1],"[7, 8, 32]",[-1]
90.0,2.0,وَأَنتَ حِلُّۢ بِهَٰذَا اَ۬لْبَلَدِ,[-1],[-1],[-1],[19],"[4, 13]",[-1],[-1],[33],[-1]
90.0,3.0,وَوَالِدٖ وَمَا وَلَدَ,[-1],[-1],[-1],[-1],"[10, 11]",[8],[-1],[20],[-1]
90.0,4.0,لَقَدْ خَلَقْنَا اَ۬لِانسَٰنَ فِے كَبَدٍ,[-1],[-1],[-1],[26],[23],[-1],"[2, 3, 7, 8]","[4, 5, 11, 12, 38]",[-1]
90.0,5.0,اَيَحْسِبُ أَن لَّنْ يَّقْدِرَ عَلَيْهِ أَحَدٞ,[-1],[-1],[-1],[-1],"[21, 22, 23]","[13, 18, 19]",[-1],"[24, 25, 44]",[-1]
90.0,6.0,يَقُولُ أَهْلَكْتُ مَالاٗ لُّبَداً,[-1],[-1],[-1],[-1],[-1],[24],"[2, 3]",[-1],[-1]
90.0,7.0,اَيَحْسِبُ أَن لَّمْ يَرَهُۥٓ أَحَدٌ,[-1],[-1],"[27, 28]",[-1],[-1],[13],"[23, 24]",[34],[-1]
90.0,8.0,اَلَمْ نَجْعَل لَّهُۥ عَيْنَيْنِ,[-1],"[28, 29]",[-1],[20],[-1],[-1],[-1],"[9, 10]",[-1]
90.0,9.0,وَلِسَاناٗ وَشَفَتَيْنِ,[-1],[-1],[-1],"[19, 20]","[11, 12]",[9],[-1],[-1],[-1]
90.0,10.0,وَهَدَيْنَٰهُ اُ۬لنَّجْدَيْنِ,[-1],"[25, 26]",[-1],[10],"[18, 19, 20]",[17],[-1],"[21, 22]",[-1]
90.0,11.0,فَلَا اَ۪قْتَحَمَ اَ۬لْعَقَبَةَ,[-1],[-1],[-1],[-1],[-1],[-1],"[25, 26]","[9, 10]",[-1]
90.0,12.0,وَمَآ أَدْر۪يٰكَ مَا اَ۬لْعَقَبَةُ,[-1],[-1],"[4, 5]",[14],[-1],[13],"[29, 30]","[9, 10]",[-1]
90.0,13.0,فَكُّ رَقَبَةٍ,[-1],[-1],[-1],[-1],[-1],[-1],"[6, 7, 8, 9]",[-1],[-1]
90.0,14.0,اَوِ اِطْعَامٞ فِے يَوْمٖ ذِے مَسْغَبَةٖ,[-1],[-1],[-1],[-1],"[13, 24]",[-1],"[34, 35]","[7, 8]",[-1]
90.0,15.0,يَتِيماٗ ذَا مَقْرَبَةٍ,[-1],[-1],[-1],[-1],[7],[-1],"[17, 18]","[15, 16]",[-1]
90.0,16.0,اَوْ مِسْكِيناٗ ذَا مَتْرَبَةٖ,[-1],[-1],[-1],[-1],[14],[-1],"[24, 25]",[-1],[-1]
90.0,17.0,ثُمَّ كَانَ مِنَ اَ۬لذِينَ ءَامَنُواْ وَتَوَاصَوْاْ بِالصَّبْرِ وَتَوَاصَوْاْ بِالْمَرْحَمَةِ,[-1],[29],[-1],[-1],"[2, 3, 4]","[35, 36, 49, 50, 54, 55, 71, 72, 75, 76, 80]","[45, 46, 56, 57, 58, 85, 86]","[59, 60]",[-1]
90.0,18.0,أُوْلَٰٓئِكَ أَصْحَٰبُ اُ۬لْمَيْمَنَةِ,[-1],[-1],"[6, 7]",[19],[-1],"[2, 3]","[15, 16]",[-1],[-1]
90.0,19.0,وَالذِينَ كَفَرُواْ بِـَٔايَٰتِنَا هُمُۥٓ أَصْحَٰبُ اُ۬لْمَشْـَٔمَةِ,[-1],[25],"[39, 40]","[28, 48]",[-1],"[2, 17, 18]","[14, 15, 44, 45]",[-1],[-1]
90.0,20.0,عَلَيْهِمْ نَارٞ مُّوصَدَةٞ,[-1],[-1],[-1],[-1],"[17, 18, 19]",[15],"[14, 21, 22]",[-1],[-1]
91.0,1.0,وَالشَّمْسِ وَضُحَيٰهَا,[-1],[-1],[-1],[19],[-1],"[2, 3, 18]","[14, 15]",[-1],[-1]
91.0,2.0,وَالْقَمَرِ إِذَا تَلَيٰهَا,[-1],[-1],[-1],[23],[-1],"[2, 22]","[5, 6]",[-1],[-1]
91.0,3.0,وَالنَّه۪ارِ إِذَا جَلَّيٰهَا,[-1],[-1],[-1],[25],"[4, 5, 6]","[2, 3, 24]",[-1],[-1],"[7, 8]"
91.0,4.0,وَاليْلِ إِذَا يَغْشَيٰهَا,[-1],[-1],[-1],[22],[-1],"[2, 21]","[17, 18]",[-1],[-1]
91.0,5.0,وَالسَّمَآءِ وَمَا بَنَيٰهَا,[-1],[-1],"[9, 10]",[25],[-1],"[2, 3, 24]",[-1],[-1],[-1]
91.0,6.0,وَالَارْضِ وَمَا طَحَيٰهَا,[-1],[-1],[-1],[22],[-1],"[2, 21]","[6, 7, 8, 9, 17, 18]",[-1],[-1]
91.0,7.0,وَنَفْسٖ وَمَا سَوَّيٰهَا,[-1],[-1],[-1],[21],"[9, 10]","[7, 20]",[-1],[-1],[-1]
91.0,8.0,فَأَلْهَمَهَا فُجُورَهَا وَتَقْوَيٰهَا,[-1],[-1],[-1],[34],[-1],[33],"[19, 20]","[29, 30]",[-1]
91.0,9.0,قَدَ اَفْلَحَ مَن زَكَّيٰهَا,[-1],[-1],[-1],[24],[16],[23],"[0, 1]",[-1],[-1]
91.0,10.0,وَقَدْ خَابَ مَن دَسَّيٰهَا,[-1],[-1],[-1],[23],[15],[22],"[2, 3, 7, 8]","[4, 5]",[-1]
91.0,11.0,كَذَّبَتْ ثَمُودُ بِطَغْوَيٰهَآ,[-1],[-1],[-1],[27],[-1],[26],"[20, 21, 22, 23]",[-1],[-1]
91.0,12.0,إِذِ اِ۪نۢبَعَثَ أَشْقَيٰهَا,[-1],[-1],[-1],[24],[9],"[8, 23]","[21, 22]",[-1],[-1]
91.0,13.0,فَقَالَ لَهُمْ رَسُولُ اُ۬للَّهِ نَاقَةَ اَ۬للَّهِ وَسُقْيَاهَا,[-1],[-1],[-1],[-1],[-1],[-1],"[2, 3, 15, 16, 27, 28, 29, 36, 37, 45, 46, 47]","[55, 56]",[-1]
91.0,14.0,فَكَذَّبُوهُ فَعَقَرُوهَا فَدَمْدَمَ عَلَيْهِمْ رَبُّهُم بِذَنۢبِهِمْ فَسَوَّيٰهَا,[-1],[-1],[-1],[78],"[55, 62]","[61, 77]","[17, 18, 19, 20, 48, 49]",[-1],[-1]
91.0,15.0,فَلَا يَخَافُ عُقْبَٰهَا,[-1],[-1],[-1],[20],[-1],[-1],"[8, 9]","[16, 17]",[-1]
92.0,1.0,وَاليْلِ إِذَا يَغْش۪ىٰ,[-1],[-1],[-1],[-1],[-1],[2],"[17, 18]",[-1],"[19, 20]"
92.0,2.0,وَالنَّه۪ارِ إِذَا تَجَلّ۪ىٰ,[-1],[-1],[-1],[-1],"[4, 5, 6]","[2, 3]",[-1],[-1],"[7, 8, 23, 24, 25]"
92.0,3.0,وَمَا خَلَقَ اَ۬لذَّكَرَ وَالُانث۪ىٰٓ,[-1],[-1],[-1],[-1],[31],"[16, 27]","[6, 7, 10, 11, 22, 23]",[-1],"[32, 33]"
92.0,4.0,إِنَّ سَعْيَكُمْ لَشَتّ۪ىٰ,[-1],[-1],[-1],[-1],"[2, 3, 4]",[-1],[-1],[-1],"[21, 22, 23]"
92.0,5.0,فَأَمَّا مَنَ اَعْط۪ىٰ وَاتَّق۪ىٰ,[-1],[-1],[-1],[-1],"[4, 5, 6]",[25],"[18, 29]",[-1],"[18, 19, 29, 30]"
92.0,6.0,وَصَدَّقَ بِالْحُسْن۪ىٰ,[-1],[-1],[-1],[-1],[-1],[12],"[2, 3, 7, 8]",[-1],"[19, 20]"
92.0,7.0,فَسَنُيَسِّرُهُۥ لِلْيُسْر۪ىٰ,[-1],[-1],[-1],[15],[-1],[-1],[-1],[-1],"[25, 26]"
92.0,8.0,وَأَمَّا مَنۢ بَخِلَ وَاسْتَغْن۪ىٰ,[-1],[-1],[-1],[-1],"[4, 5, 6, 12]","[11, 23]","[16, 17, 28, 29]",[-1],"[30, 31]"
92.0,9.0,وَكَذَّبَ بِالْحُسْن۪ىٰ,[-1],[-1],[-1],[-1],[-1],[12],[-1],[-1],"[19, 20]"
92.0,10.0,فَسَنُيَسِّرُهُۥ لِلْعُسْر۪ىٰ,[-1],[-1],[-1],[15],[-1],[-1],[-1],[-1],"[25, 26]"
92.0,11.0,وَمَا يُغْنِے عَنْهُ مَالُهُۥٓ إِذَا تَرَدّ۪ىٰٓ,[-1],[-1],"[28, 29]",[-1],[-1],[-1],"[8, 9, 39, 40]",[-1],"[41, 42, 43]"
92.0,12.0,إِنَّ عَلَيْنَا لَلْهُد۪ىٰ,[-1],[-1],[-1],[-1],"[2, 3, 4]",[-1],[-1],[-1],"[22, 23]"
92.0,13.0,وَإِنَّ لَنَا لَلَاخِرَةَ وَالُاول۪ىٰ,[-1],"[18, 32]",[-1],[-1],"[4, 5, 6, 19, 20]",[28],[-1],[-1],"[33, 34]"
92.0,14.0,فَأَنذَرْتُكُمْ نَاراٗ تَلَظّ۪ىٰ,[-1],[-1],[-1],[-1],"[4, 21]",[-1],"[7, 8, 19, 27, 28]",[-1],"[27, 28, 29]"
92.0,15.0,لَا يَصْلَيٰهَآ إِلَّا اَ۬لَاشْقَي,[-1],[-1],"[14, 15]",[11],[-1],[10],"[6, 7, 8, 9, 32, 33]",[-1],[-1]
92.0,16.0,اَ۬لذِے كَذَّبَ وَتَوَلّ۪ىٰ,[-1],[-1],[-1],[-1],[-1],[-1],[-1],[-1],"[22, 23, 24]"
92.0,17.0,وَسَيُجَنَّبُهَا اَ۬لَاتْقَي,[-1],[-1],[-1],[-1],"[8, 9, 10]",[-1],"[25, 26]",[-1],[-1]
92.0,18.0,اَ۬لذِے يُوتِے مَالَهُۥ يَتَزَكّ۪ىٰ,[-1],[-1],[-1],[22],[-1],[-1],[-1],[-1],"[30, 31, 32]"
92.0,19.0,وَمَا لِأَحَدٍ عِندَهُۥ مِن نِّعْمَةٖ تُجْز۪ىٰٓ,[-1],[-1],[-1],[22],"[17, 28, 29, 30, 36]",[-1],[-1],"[40, 41]","[42, 43]"
92.0,20.0,إِلَّا اَ۪بْتِغَآءَ وَجْهِ رَبِّهِ اِ۬لَاعْل۪ىٰ,[-1],[-1],"[16, 17]",[-1],[-1],[-1],"[14, 15, 28, 29]","[10, 11, 23, 24]","[44, 45]"
92.0,21.0,وَلَسَوْفَ يَرْض۪ىٰ,[-1],[-1],[-1],[-1],[-1],[-1],"[13, 14, 15]",[-1],"[15, 16]"
93.0,1.0,وَالضُّح۪ىٰ,[-1],[-1],[-1],[-1],[-1],"[2, 3]","[4, 5, 6]",[-1],"[7, 8]"
93.0,2.0,وَاليْلِ إِذَا سَج۪ىٰ,[-1],[-1],[-1],[-1],[-1],[2],[-1],[-1],"[17, 18]"
93.0,3.0,مَا وَدَّعَكَ رَبُّكَ وَمَا قَل۪ىٰ,[-1],[-1],[-1],[-1],[-1],[-1],"[14, 15, 28, 29]",[-1],"[30, 31]"
93.0,4.0,وَلَلَاخِرَةُ خَيْرٞ لَّكَ مِنَ اَ۬لُاول۪ىٰ,[-1],"[6, 38]",[-1],[-1],[-1],[19],"[7, 8, 14, 15]",[-1],"[39, 40]"
93.0,5.0,وَلَسَوْفَ يُعْطِيكَ رَبُّكَ فَتَرْض۪ىٰٓ,[-1],[-1],[-1],[-1],[-1],[-1],"[15, 16, 21, 22, 33, 34, 35]",[-1],"[35, 36]"
93.0,6.0,أَلَمْ يَجِدْكَ يَتِيماٗ فَـَٔاو۪ىٰ,[-1],[30],[-1],[-1],[23],[-1],[-1],"[11, 12]","[31, 32]"
93.0,7.0,وَوَجَدَكَ ضَآلّاٗ فَهَد۪ىٰ,"[13, 14]",[-1],[-1],[-1],[18],[-1],"[11, 12]",[-1],"[24, 25]"
93.0,8.0,وَوَجَدَكَ عَآئِلاٗ فَأَغْن۪ىٰ,[-1],[-1],"[13, 14]",[-1],[19],[-1],"[25, 26]",[-1],"[27, 28]"
93.0,9.0,فَأَمَّا اَ۬لْيَتِيمَ فَلَا تَقْهَرْ,[-1],[-1],[-1],[-1],"[4, 5, 6]",[-1],"[34, 35]","[30, 31]",[-1]
93.0,10.0,وَأَمَّا اَ۬لسَّآئِلَ فَلَا تَنْهَرْ,[-1],[-1],"[16, 17]",[-1],"[4, 5, 6]",[12],"[35, 36]",[-1],[-1]
93.0,11.0,وَأَمَّا بِنِعْمَةِ رَبِّكَ فَحَدِّثَ,[-1],[-1],[-1],[-1],"[4, 5, 6]",[-1],"[20, 21]",[-1],[-1]
94.0,1.0,اَلَمْ نَشْرَحْ لَكَ صَدْرَكَ,[-1],[-1],[-1],[-1],"[7, 8]",[-1],"[11, 12, 21, 22, 25, 26]","[23, 24]",[-1]
94.0,2.0,وَوَضَعْنَا عَنكَ وِزْرَكَ,[-1],[-1],[-1],[-1],[14],[-1],"[4, 5]",[-1],[-1]
94.0,3.0,اَ۬لذِےٓ أَنقَضَ ظَهْرَكَ,[-1],[-1],"[6, 7]",[-1],[11],[-1],"[12, 13, 14, 15, 17, 18, 21, 22]",[-1],[-1]
94.0,4.0,وَرَفَعْنَا لَكَ ذِكْرَكَ,[-1],[-1],[-1],[-1],[-1],[-1],"[2, 3]",[-1],[-1]
94.0,5.0,فَإِنَّ مَعَ اَ۬لْعُسْرِ يُسْراً,[-1],[-1],[-1],[-1],"[4, 5, 6]",[-1],[29],[-1],[-1]
94.0,6.0,اِنَّ مَعَ اَ۬لْعُسْرِ يُسْراٗ,[-1],[-1],[-1],[-1],"[2, 3, 4]",[-1],[27],[-1],[-1]
94.0,7.0,فَإِذَا فَرَغْتَ فَانصَبْ,[-1],[-1],[-1],[-1],[20],[19],"[10, 11, 12, 13, 21, 22]","[23, 24]",[-1]
94.0,8.0,وَإِلَىٰ رَبِّكَ فَارْغَبْ,[-1],[-1],[-1],[-1],[-1],[19],"[9, 10, 20, 21, 22, 23]","[24, 25]",[-1]
95.0,1.0,وَالتِّينِ وَالزَّيْتُونِ,[-1],[22],[-1],[-1],[-1],"[2, 3, 13, 14]",[-1],[-1],[-1]
95.0,2.0,وَطُورِ سِينِينَ,[-1],[13],[-1],[-1],[-1],[-1],"[2, 3]",[-1],[-1]
95.0,3.0,وَهَٰذَا اَ۬لْبَلَدِ اِ۬لَامِينِ,[-1],[29],[-1],[4],[-1],[-1],[-1],[-1],[-1]
95.0,4.0,لَقَدْ خَلَقْنَا اَ۬لِانسَٰنَ فِےٓ أَحْسَنِ تَقْوِيمٖ,[-1],[50],"[32, 33]",[26],[23],[-1],"[2, 3, 7, 8]","[4, 5, 11, 12, 46, 47]",[-1]
95.0,5.0,ثُمَّ رَدَدْنَٰهُ أَسْفَلَ سَٰفِلِينَ,[-1],[34],[-1],"[14, 29]","[2, 3, 4]",[-1],"[6, 7]","[10, 11]",[-1]
95.0,6.0,إِلَّا اَ۬لذِينَ ءَامَنُواْ وَعَمِلُواْ اُ۬لصَّٰلِحَٰتِ فَلَهُمُۥٓ أَجْرٌ غَيْرُ مَمْنُونٖ,[-1],"[19, 87]","[64, 65]","[47, 52]",[-1],"[25, 26, 37, 38, 43]","[44, 45, 46, 71, 74, 75]","[69, 70]",[-1]
95.0,7.0,فَمَا يُكَذِّبُكَ بَعْدُ بِالدِّينِ,[-1],[32],[-1],[-1],[-1],"[27, 28]",[-1],[-1],[-1]
95.0,8.0,أَلَيْسَ اَ۬للَّهُ بِأَحْكَمِ اِ۬لْحَٰكِمِينَ,[-1],[42],[-1],[37],[-1],[-1],"[13, 14, 15]",[-1],[-1]
96.0,1.0,اَ۪قْرَأْ بِاسْمِ رَبِّكَ اَ۬لذِے خَلَقَ,[-1],[-1],[-1],[-1],[-1],[12],"[5, 6, 18, 19, 34, 35]","[3, 4, 38, 39]",[-1]
96.0,2.0,خَلَقَ اَ۬لِانسَٰنَ مِنْ عَلَقٍ,[-1],[-1],[-1],[16],[13],[-1],"[0, 1, 4, 5]",[29],[-1]
96.0,3.0,اِ۪قْرَأْ وَرَبُّكَ اَ۬لَاكْرَمُ,[-1],[-1],[-1],[-1],[-1],[-1],"[5, 6, 12, 13, 28, 29]","[3, 4]",[-1]
96.0,4.0,اُ۬لذِے عَلَّمَ بِالْقَلَمِ,[-1],[-1],[-1],[-1],[-1],[19],"[21, 22]",[-1],[-1]
96.0,5.0,عَلَّمَ اَ۬لِانسَٰنَ مَا لَمْ يَعْلَمْ,[-1],[-1],[-1],[17],[14],[-1],[-1],[-1],[-1]
96.0,6.0,كَلَّآ إِنَّ اَ۬لِانسَٰنَ لَيَطْغ۪ىٰٓ,[-1],[-1],"[5, 6]",[23],"[10, 11, 12, 20]",[-1],[33],"[31, 32]","[33, 34]"
96.0,7.0,أَن رّ۪ء۪اهُ اُ۪سْتَغْن۪ىٰٓ,[-1],[9],[-1],[-1],[-1],[2],"[19, 20]",[-1],"[4,5, 6, 7, 8, 21, 22]"
96.0,8.0,إِنَّ إِلَىٰ رَبِّكَ اَ۬لرُّجْع۪ىٰٓ,[-1],[-1],[-1],[-1],"[2, 3, 4]",[24],"[13, 14, 25, 26, 27]","[28, 29]","[30, 31]"
96.0,9.0,أَرَٰٓيْتَ اَ۬لذِے يَنْه۪ىٰ,[-1],[-1],"[4, 5]",[-1],[-1],[-1],"[2, 3]",[-1],"[23, 24]"
96.0,10.0,عَبْداً اِذَا صَلّ۪ىٰٓ,[-1],[-1],[-1],[-1],[-1],[-1],"[14, 15]","[2, 3]","[16, 17, 18]"
96.0,11.0,أَرَٰٓيْتَ إِن كَانَ عَلَى اَ۬لْهُد۪ىٰٓ,[-1],[-1],"[4, 5]",[-1],[13],[-1],"[2, 3]",[-1],"[34, 35]"
96.0,12.0,أَوَ اَمَرَ بِالتَّقْو۪ىٰٓ,[-1],[-1],[-1],[-1],[-1],"[14, 15]","[9, 10]","[19, 20]","[21, 22]"
96.0,13.0,أَرَٰٓيْتَ إِن كَذَّبَ وَتَوَلّ۪ىٰٓ,[-1],[-1],"[4, 5]",[-1],[13],[-1],"[2, 3]",[-1],"[29, 30, 31]"
96.0,14.0,أَلَمْ يَعْلَم بِأَنَّ اَ۬للَّهَ يَر۪ىٰ,[-1],[-1],[-1],[-1],"[13, 19, 20, 21]",[-1],"[27, 28, 29]",[-1],"[35, 36]"
96.0,15.0,كَلَّا لَئِن لَّمْ يَنتَهِ,[-1],[-1],[-1],[-1],[21],[11],[-1],[-1],[-1]
96.0,16.0,لَنَسْفَعاَۢ بِالنَّاصِيَةِ,[-1],[-1],[-1],[-1],"[11, 17, 18, 19]","[15, 16]","[21, 22]",[-1],[-1]
96.0,17.0,نَاصِيَةٖ كَٰذِبَةٍ خَاطِئَةٖ,[-1],[-1],[-1],[12],[8],[-1],"[3, 4, 20, 21, 23, 24]",[-1],[-1]
96.0,18.0,فَلْيَدْعُ نَادِيَهُۥ,[-1],[-1],[-1],[-1],[-1],[-1],[-1],"[6, 7]",[-1]
96.0,19.0,سَنَدْعُ اُ۬لزَّبَانِيَةَ,[-1],[-1],[-1],[-1],[-1],[12],[-1],"[4, 5]",[-1]
96.0,20.0,كَلَّا لَا تُطِعْهُ وَاسْجُدْ وَاقْتَرِبِ,[-1],[-1],[-1],[-1],[-1],"[22, 32]","[13, 14]","[27, 28, 33, 34, 39]",[-1]
97.0,1.0,اِنَّآ أَنزَلْنَٰهُ فِے لَيْلَةِ اِ۬لْقَدْرِ,[-1],[-1],"[5, 6]",[17],"[2, 3, 4, 10]",[-1],"[39, 40, 43]","[41, 42]",[-1]
97.0,2.0,وَمَآ أَدْر۪يٰكَ مَا لَيْلَةُ اُ۬لْقَدْرِ,[-1],[-1],"[4, 5]",[14],[-1],[13],"[36, 37, 40]","[9, 10, 38, 39]","[11, 12]"
97.0,3.0,لَيْلَةُ اُ۬لْقَدْرِ خَيْرٞ مِّنَ اَلْفِ شَهْرٖ,[-1],[-1],[-1],[-1],"[28, 29, 30]",[26],"[14, 15, 21, 22, 45]","[16, 17]",[-1]
97.0,4.0,تَنَزَّلُ اُ۬لْمَلَٰٓئِكَةُ وَالرُّوحُ فِيهَا بِإِذْنِ رَبِّهِم مِّن كُلِّ أَمْرٖ,[-1],[-1],"[19, 20]",[-1],"[64, 65, 66, 67]","[30, 31]","[32, 33, 34, 55, 56, 79]",[-1],[-1]
97.0,5.0,سَلَٰمٌ هِيَ حَتَّىٰ مَطْلَعِ اِ۬لْفَجْرِ,[-1],[-1],[-1],[4],[-1],[-1],"[25, 26, 39]","[23, 24, 37, 38]",[-1]
98.0,1.0,لَمْ يَكُنِ اِ۬لذِينَ كَفَرُواْ مِنَ اَهْلِ اِ۬لْكِتَٰبِ وَالْمُشْرِكِينَ مُنفَكِّينَ حَتَّىٰ تَاتِيَهُمُ اُ۬لْبَيِّنَةُ,[-1],[-1],[-1],[53],[76],"[29, 30, 59]","[26, 27]",[-1],[-1]
98.0,2.0,رَسُولٞ مِّنَ اَ۬للَّهِ يَتْلُواْ صُحُفاٗ مُّطَهَّرَةٗ,[-1],[-1],[-1],[-1],"[8, 9, 10, 42, 43, 44]","[6, 31, 32, 40]","[0, 1, 18, 19, 20, 34, 35, 45, 46, 50, 51]",[-1],[-1]
98.0,3.0,فِيهَا كُتُبٞ قَيِّمَةٞ,[-1],[-1],[-1],[-1],[12],[-1],"[14, 15]",[-1],[-1]
98.0,4.0,وَمَا تَفَرَّقَ اَ۬لذِينَ أُوتُواْ اُ۬لْكِتَٰبَ إِلَّا مِنۢ بَعْدِ مَا جَآءَتْهُمُ اُ۬لْبَيِّنَةُ,[-1],[28],"[73, 74]",[44],[58],"[32, 33, 57]","[10, 11, 12, 13, 14]",[-1],[-1]
98.0,5.0,وَمَآ أُمِرُوٓاْ إِلَّا لِيَعْبُدُواْ اُ۬للَّهَ مُخْلِصِينَ لَهُ اُ۬لدِّينَ حُنَفَآءَ وَيُقِيمُواْ اُ۬لصَّلَوٰةَ وَيُوتُواْ اُ۬لزَّكَوٰةَ وَذَٰلِكَ دِينُ اُ۬لْقَيِّمَةِ,[-1],[-1],"[4, 5, 13, 14, 83, 84]","[111, 136, 145]",[-1],"[15, 16, 36, 37, 69, 98, 99, 104, 110, 123, 124, 129, 135]","[43, 44, 45, 51, 52, 55, 56, 92, 93, 105, 106, 107, 108, 109, 162, 163]",[-1],[-1]
98.0,6.0,إِنَّ اَ۬لذِينَ كَفَرُواْ مِنَ اَهْلِ اِ۬لْكِتَٰبِ وَالْمُشْرِكِينَ فِے ن۪ارِ جَهَنَّمَ خَٰلِدِينَ فِيهَآ أُوْلَٰٓئِكَ هُمْ شَرُّ اُ۬لْبَرِيَٓٔةِ,[-1],[-1],"[105, 114, 115, 141, 142]","[47, 90]","[2, 3, 4, 82, 83, 84]","[23, 24, 53, 110, 111]","[20, 21, 88, 89, 128, 129, 130]",[-1],"[72, 73]"
98.0,7.0,إِنَّ اَ۬لذِينَ ءَامَنُواْ وَعَمِلُواْ اُ۬لصَّٰلِحَٰتِ أُوْلَٰٓئِكَ هُمْ خَيْرُ اُ۬لْبَرِيَٓٔةِ,[-1],[18],"[61, 62, 89, 90]","[46, 51]","[2, 3, 4]","[24, 25, 36, 37, 42, 57, 58]","[43, 44, 45, 73, 74]",[-1],[-1]
98.0,8.0,جَزَآؤُهُمْ عِندَ رَبِّهِمْ جَنَّٰتُ عَدْنٖ تَجْرِے مِن تَحْتِهَا اَ۬لَانْهَٰرُ خَٰلِدِينَ فِيهَآ أَبَداٗ رَّضِيَ اَ۬للَّهُ عَنْهُمْ وَرَضُواْ عَنْهُ ذَٰلِكَ لِمَنْ خَشِيَ رَبَّهُۥٓ,[-1],[-1],"[5, 6, 98, 99]","[35, 78, 84, 157]","[16, 32, 33, 34, 44, 56]","[107, 144, 145]","[20, 21, 48, 49, 79, 80, 82, 83, 110, 111, 112, 113, 114, 122, 123, 124, 139, 140, 141, 142, 170, 171, 177, 178]","[41, 42]",[-1]
99.0,1.0,إِذَا زُلْزِلَتِ اِ۬لَارْضُ زِلْزَالَهَا,[-1],[-1],[-1],[-1],[-1],[-1],"[23, 24, 25, 26]",[-1],[-1]
99.0,2.0,وَأَخْرَجَتِ اِ۬لَارْضُ أَثْقَالَهَا,[-1],[-1],[-1],[-1],[-1],[-1],"[4, 5, 6, 7, 19, 20, 21, 22, 28, 29]",[-1],[-1]
99.0,3.0,وَقَالَ اَ۬لِانسَٰنُ مَا لَهَا,[-1],[-1],[-1],[17],[14],[-1],"[2, 3]",[-1],[-1]
99.0,4.0,يَوْمَئِذٖ تُحَدِّثُ أَخْبَارَهَا,[-1],[-1],[-1],[-1],[9],[-1],"[23, 24, 28, 29]",[-1],[-1]
99.0,5.0,بِأَنَّ رَبَّكَ أَوْح۪ىٰ لَهَا,[-1],[-1],[-1],[-1],"[4, 5, 6]",[-1],"[8, 9]",[-1],"[20, 21]"
99.0,6.0,يَوْمَئِذٖ يَصْدُرُ اُ۬لنَّاسُ أَشْتَاتاٗ,[-1],[-1],[-1],[-1],"[11, 12, 24, 25, 26]","[9, 23, 40]","[13, 14, 17, 18]",[-1],[-1]
99.0,7.0,لِّيُرَوَاْ اَعْمَٰلَهُمْ,[-1],[-1],[-1],[18],[-1],"[9, 10]","[5, 6]",[-1],[-1]
99.0,8.0,فَمَنْ يَّعْمَلْ مِثْقَالَ ذَرَّةٍ خَيْراٗ يَرَهُۥ,[-1],[-1],[-1],[-1],"[7, 8, 9, 33, 43, 44]","[4, 5, 41]","[21, 22, 29, 30, 31, 35, 36, 45, 46]",[-1],[-1]
99.0,9.0,وَمَنْ يَّعْمَلْ مِثْقَالَ ذَرَّةٖ شَرّاٗ يَرَهُۥ,[-1],[-1],[-1],[-1],"[7, 8, 9, 33, 42, 43]","[4, 5, 40]","[21, 22, 29, 30, 31, 37, 38, 44, 45]",[-1],[-1]
100.0,1.0,وَالْعَٰدِيَٰتِ ضَبْحاٗ,[-1],[-1],[-1],"[7, 12]",[-1],[2],"[16, 17]","[18, 19]",[-1]
100.0,2.0,فَالْمُورِيَٰتِ قَدْحاٗ,[-1],[-1],[-1],[12],[-1],[2],"[16, 17]","[18, 19]",[-1]
100.0,3.0,فَالْمُغِيرَٰتِ صُبْحاٗ,[-1],[-1],[-1],[12],[-1],[2],"[7, 8, 16, 17]","[18, 19]",[-1]
100.0,4.0,فَأَثَرْنَ بِهِۦ نَقْعاٗ,[-1],[-1],[-1],[15],[-1],[-1],"[6, 7]","[19, 20]",[-1]
100.0,5.0,فَوَسَطْنَ بِهِۦ جَمْعاً,[-1],[-1],[-1],[15],[-1],[-1],[-1],"[6, 7]",[-1]
100.0,6.0,اِنَّ اَ۬لِانسَٰنَ لِرَبِّهِۦ لَكَنُودٞ,[-1],[36],[-1],"[15, 28]","[2, 3, 4, 12]",[-1],"[21, 22, 37]",[-1],[-1]
100.0,7.0,وَإِنَّهُۥ عَلَىٰ ذَٰلِكَ لَشَهِيدٞ,[-1],[32],[-1],"[9, 20]","[4, 5, 6]",[-1],[-1],[33],[-1]
100.0,8.0,وَإِنَّهُۥ لِحُبِّ اِ۬لْخَيْرِ لَشَدِيدٌ,[-1],[37],[-1],[9],"[4, 5, 6]",[-1],"[24, 25]",[38],[-1]
100.0,9.0,اَفَلَا يَعْلَمُ إِذَا بُعْثِرَ مَا فِے اِ۬لْقُبُورِ,[-1],[49],[-1],[-1],[-1],[-1],"[45, 46, 50]",[-1],[-1]
100.0,10.0,وَحُصِّلَ مَا فِے اِ۬لصُّدُورِ,[-1],[27],[-1],[-1],[-1],[21],"[4, 5, 6, 22, 23, 24, 28]",[-1],[-1]
100.0,11.0,إِنَّ رَبَّهُم بِهِمْ يَوْمَئِذٖ لَّخَبِيرٌ,[-1],[40],[-1],[-1],"[2, 3, 4]",[31],"[6, 7, 13, 36, 37]",[-1],[-1]
101.0,1.0,اِ۬لْقَارِعَةُ مَا اَ۬لْقَارِعَةُ,[-1],[-1],[-1],[-1],[-1],[-1],"[5, 6, 24, 25]",[-1],[-1]
101.0,2.0,وَمَآ أَدْر۪يٰكَ مَا اَ۬لْقَارِعَةُ,[-1],[-1],"[4, 5]",[14],[-1],[13],"[27, 28]","[9, 10]","[11, 12]"
101.0,3.0,يَوْمَ يَكُونُ اُ۬لنَّاسُ كَالْفَرَاشِ اِ۬لْمَبْثُوثِ,[-1],[50],[-1],[-1],"[19, 20, 21]","[18, 28]","[33, 34]","[46, 47]",[-1]
101.0,4.0,وَتَكُونُ اُ۬لْجِبَالُ كَالْعِهْنِ اِ۬لْمَنفُوشِ,[-1],[45],[-1],[-1],[42],[25],[-1],[-1],[-1]
101.0,5.0,فَأَمَّا مَن ثَقُلَتْ مَوَٰزِينُهُۥ,[-1],[-1],[-1],[26],"[4, 5, 6, 11]",[-1],"[15, 16]",[-1],[-1]
101.0,6.0,فَهُوَ فِے عِيشَةٖ رَّاضِيَةٖ,[-1],[-1],[-1],[-1],[-1],[17],"[19, 20, 21, 23, 24]",[-1],[-1]
101.0,7.0,وَأَمَّا مَنْ خَفَّتْ مَوَٰزِينُهُۥ,[-1],[-1],[-1],[26],"[4, 5, 6]",[-1],"[14, 15]",[-1],[-1]
101.0,8.0,فَأُمُّهُۥ هَاوِيَةٞ,[-1],[-1],[-1],[9],"[4, 5, 6]",[-1],[-1],[-1],[-1]
101.0,9.0,وَمَآ أَدْر۪يٰكَ مَا هِيَهْ,[-1],[-1],"[4, 5]",[14],[-1],[13],[-1],"[9, 10]","[11, 12]"
101.0,10.0,نَارٌ حَامِيَةٌ,[-1],[-1],[-1],[-1],[-1],[-1],[3],[-1],[-1]
102.0,1.0,اَلْه۪يٰكُمُ اُ۬لتَّكَاثُرُ,[-1],[-1],[-1],[7],[-1],"[6, 16]",[25],[-1],"[4, 5]"
102.0,2.0,حَتَّىٰ زُرْتُمُ اُ۬لْمَقَابِرَ,[-1],[-1],[-1],[-1],[-1],[-1],"[10, 11, 24, 25]",[-1],[-1]
102.0,3.0,كَلَّا سَوْفَ تَعْلَمُونَ,[-1],[22],[-1],[-1],[-1],[-1],[-1],[-1],[-1]
102.0,4.0,ثُمَّ كَلَّا سَوْفَ تَعْلَمُونَ,[-1],[28],[-1],[-1],"[2, 3, 4]",[-1],[-1],[-1],[-1]
102.0,5.0,كَلَّا لَوْ تَعْلَمُونَ عِلْمَ اَ۬لْيَقِينِ,[-1],[40],[-1],[-1],[-1],[-1],"[38, 39]",[-1],[-1]
102.0,6.0,لَتَرَوُنَّ اَ۬لْجَحِيمَ,[-1],[21],[-1],[-1],"[8, 9, 10]",[-1],"[4, 5]",[-1],[-1]
102.0,7.0,ثُمَّ لَتَرَوُنَّهَا عَيْنَ اَ۬لْيَقِينِ,[-1],[37],[-1],[-1],"[2, 3, 4, 14, 15, 16]",[-1],"[10, 11, 35, 36]",[-1],[-1]
102.0,8.0,ثُمَّ لَتُسْـَٔلُنَّ يَوْمَئِذٍ عَنِ اِ۬لنَّعِيمِ,[-1],[46],[-1],[-1],"[2, 3, 4, 17, 18, 19, 41, 42, 43]",[40],[-1],[-1],[-1]
103.0,1.0,وَالْعَصْرِ إِنَّ اَ۬لِانسَٰنَ لَفِے خُسْرٍ,[-1],[-1],[-1],[27],"[14, 15, 16, 24]",[2],"[7, 8, 9, 37, 38, 41]",[-1],[-1]
103.0,2.0,اِلَّا اَ۬لذِينَ ءَامَنُواْ وَعَمِلُواْ اُ۬لصَّٰلِحَٰتِ وَتَوَاصَوْاْ بِالْحَقِّ,[-1],[19],[-1],"[47, 52]",[-1],"[25, 26, 37, 38, 43, 67, 68, 72]","[44, 45, 46, 63, 64, 77, 78]",[-1],[-1]
103.0,3.0,وَتَوَاصَوْاْ بِالصَّبْرِ,[-1],[-1],[-1],[-1],[-1],"[11, 12, 16, 17]","[7, 8, 18, 19, 20, 23]","[21, 22]",[-1]
104.0,1.0,وَيْلٞ لِّكُلِّ هُمَزَةٖ لُّمَزَةٍ,[-1],[-1],[-1],[-1],[-1],"[5, 23]",[-1],[-1],[-1]
104.0,2.0,اِ۬لذِے جَمَعَ مَالاٗ وَعَدَّدَهُۥ,[-1],[-1],[-1],[-1],"[22, 23]",[20],[-1],[-1],[-1]
104.0,3.0,يَحْسِبُ أَنَّ مَالَهُۥٓ أَخْلَدَهُۥ,[-1],[-1],"[22, 23]",[-1],"[11, 12, 13]",[-1],"[27, 28]",[-1],[-1]
104.0,4.0,كَلَّا لَيُنۢبَذَنَّ فِے اِ۬لْحُطَمَةِ,[-1],[-1],[-1],[-1],"[13, 18, 19, 20]",[12],"[33, 34]",[-1],[-1]
104.0,5.0,وَمَآ أَدْر۪يٰكَ مَا اَ۬لْحُطَمَةُ,[-1],[-1],"[4, 5]",[14],[-1],[13],"[29, 30]","[9, 10]","[11, 12]"
104.0,6.0,نَارُ اُ۬للَّهِ اِ۬لْمُوقَدَةُ,[-1],[-1],[-1],[-1],[-1],[-1],"[3, 4, 10, 11, 12, 24, 25]",[-1],[-1]
104.0,7.0,اُ۬لتِے تَطَّلِعُ عَلَى اَ۬لَافْـِٕدَةِ,[-1],[-1],[-1],[-1],[-1],[-1],"[10, 11, 12]",[-1],[-1]
104.0,8.0,إِنَّهَا عَلَيْهِم مُّوصَدَةٞ,[-1],[-1],[-1],[-1],"[2, 3, 4, 19, 20, 21]",[-1],"[23, 24]",[-1],[-1]
104.0,9.0,فِے عَمَدٖ مُّمَدَّدَةٍ,[-1],[-1],[-1],[-1],"[11, 12, 13]",[9],[-1],[-1],[-1]
105.0,1.0,اَلَمْ تَرَ كَيْفَ فَعَلَ رَبُّكَ بِأَصْحَٰبِ اِ۬لْفِيلِ,[-1],[53],[-1],[42],[-1],[-1],"[9, 10, 26, 27, 38, 39]",[-1],[-1]
105.0,2.0,أَلَمْ يَجْعَلْ كَيْدَهُمْ فِے تَضْلِيلٖ,[-1],[37],[-1],[-1],[-1],[-1],"[33, 34]","[9, 10]",[-1]
105.0,3.0,وَأَرْسَلَ عَلَيْهِمْ طَيْراً اَبَابِيلَ,[-1],[37],[-1],[-1],[-1],[-1],"[4, 5, 22, 23]",[-1],[-1]
105.0,4.0,تَرْمِيهِم بِحِجَارَةٖ مِّن سِجِّيلٖ,[-1],[33],[-1],[-1],"[9, 23, 24, 25, 26]",[21],"[2, 3, 18, 19]",[-1],[-1]
105.0,5.0,فَجَعَلَهُمْ كَعَصْفٖ مَّاكُولٖ,[-1],[28],[-1],[-1],"[22, 23, 24]",[20],"[17, 18]",[-1],[-1]
106.0,1.0,لِّإِيلَٰفِ قُرَيْشٍ,[-1],"[5, 16, 17]",[-1],[8],[-1],[-1],"[12, 13, 14, 15]",[-1],[-1]
106.0,2.0,اِيلَٰفِهِمْ رِحْلَةَ اَ۬لشِّتَآءِ وَالصَّيْفِ,[-1],"[2, 43, 44]","[31, 32]",[5],[-1],"[25, 38, 39]","[40, 41, 42]",[-1],[-1]
106.0,3.0,فَلْيَعْبُدُواْ رَبَّ هَٰذَا اَ۬لْبَيْتِ,[-1],"[36, 37]",[-1],[24],[-1],"[13, 14]","[16, 17]",[-1],[-1]
106.0,4.0,اِ۬لذِےٓ أَطْعَمَهُم مِّن جُوعٖ,[-1],[-1],"[6, 7]",[-1],"[21, 22, 23, 24]",[30],[-1],"[11, 12]",[-1]
106.0,5.0,وَءَامَنَهُم مِّنْ خَوْفٍ,[-1],"[4, 21, 22]",[-1],[-1],"[0, 1, 13, 14, 15]",[-1],"[19, 20]",[-1],[-1]
107.0,1.0,اَرَٰٓيْتَ اَ۬لذِے يُكَذِّبُ بِالدِّينِ,[-1],[36],"[4, 5]",[-1],[-1],"[31, 32]","[2, 3]",[-1],[-1]
107.0,2.0,فَذَٰلِكَ اَ۬لذِے يَدُعُّ اُ۬لْيَتِيمَ,[-1],[35],[-1],[4],[-1],[-1],[-1],[-1],[-1]
107.0,3.0,وَلَا يَحُضُّ عَلَىٰ طَعَامِ اِ۬لْمِسْكِينِ,[-1],[40],[-1],[-1],[-1],[-1],"[10, 11, 12, 21, 22]",[-1],[-1]
107.0,4.0,فَوَيْلٞ لِّلْمُصَلِّينَ,[-1],[21],[-1],[-1],[-1],[7],"[16, 17]",[-1],[-1]
107.0,5.0,اَ۬لذِينَ هُمْ عَن صَلَاتِهِمْ سَاهُونَ,[-1],[36],[-1],[-1],[17],[-1],"[19, 20, 21, 22]",[-1],[-1]
107.0,6.0,اَ۬لذِينَ هُمْ يُرَآءُونَ وَيَمْنَعُونَ اَ۬لْمَاعُونَ,[-1],"[23, 51]","[19, 20]",[-1],[-1],[-1],"[17, 18]",[-1],[-1]
108.0,1.0,إِنَّآ أَعْطَيْنَٰكَ اَ۬لْكَوْثَرَ,[-1],[-1],"[5, 6]",[18],"[2, 3, 4]",[-1],"[12, 13, 33]",[-1],[-1]
108.0,2.0,فَصَلِّ لِرَبِّكَ وَانْحَرِ,[-1],[-1],[-1],[-1],[-1],[20],"[2, 3, 10, 11, 25]",[-1],[-1]
108.0,3.0,اِنَّ شَانِئَكَ هُوَ اَ۬لَابْتَرُ,[-1],[-1],[-1],[-1],"[2, 3, 4]",[-1],[32],"[28, 29]",[-1]
109.0,1.0,قُلْ يَٰٓأَيُّهَا اَ۬لْكَٰفِرُونَ,[-1],[30],"[7, 8]",[25],[-1],[-1],"[0, 1]",[-1],[-1]
109.0,2.0,لَآ أَعْبُدُ مَا تَعْبُدُونَ,[-1],[26],"[2, 3]",[-1],[-1],[-1],[-1],[-1],[-1]
109.0,3.0,وَلَآ أَنتُمْ عَٰبِدُونَ مَآ أَعْبُدُ,[-1],[-1],"[4, 5, 28, 29]",[17],[9],[-1],[-1],[37],[-1]
109.0,4.0,وَلَآ أَنَا عَابِدٞ مَّا عَبَدتُّمْ,[-1],[-1],"[4, 5]",[-1],"[21, 22, 23]","[19, 30]",[-1],[-1],[-1]
109.0,5.0,وَلَآ أَنتُمْ عَٰبِدُونَ مَآ أَعْبُدُ,[-1],[-1],"[4, 5, 28, 29]",[17],[9],[-1],[-1],[37],[-1]
109.0,6.0,لَكُمْ دِينُكُمْ وَلِيَ دِينِ,[-1],[26],[-1],[-1],[-1],[-1],[-1],[-1],[-1]
110.0,1.0,إِذَا جَآءَ نَصْرُ اُ۬للَّهِ وَالْفَتْحُ,[-1],[-1],"[8, 9]",[-1],[-1],[32],"[15, 16, 17, 18, 24, 25, 26]",[-1],[-1]
110.0,2.0,وَرَأَيْتَ اَ۬لنَّاسَ يَدْخُلُونَ فِے دِينِ اِ۬للَّهِ أَفْوَاجاٗ,[-1],[-1],[-1],[-1],"[15, 16, 17]",[14],"[2, 3, 26, 27]","[24, 25]",[-1]
110.0,3.0,فَسَبِّحْ بِحَمْدِ رَبِّكَ وَاسْتَغْفِرْهُ إِنَّهُۥ كَانَ تَوَّاباٗ,[-1],[-1],[-1],[51],"[46, 47, 48]",[29],"[19, 20, 34, 35]",[-1],[-1]
111.0,1.0,تَبَّتْ يَدَآ أَبِے لَهَبٖ وَتَبَّ,[-1],[-1],"[12, 13]",[-1],"[28, 29]",[26],[-1],"[32, 33]",[-1]
111.0,2.0,مَآ أَغْن۪ىٰ عَنْهُ مَالُهُۥ وَمَا كَسَبَ,[-1],[-1],"[2, 3]",[28],[-1],[-1],"[7, 8]",[40],"[9, 10]"
111.0,3.0,سَيَصْلَىٰ نَاراٗ ذَاتَ لَهَبٖ,[-1],[-1],[-1],[-1],[16],[-1],"[4, 5, 6, 7, 14]",[28],[-1]
111.0,4.0,وَامْرَأَتُهُۥ حَمَّالَةُ اُ۬لْحَطَبِ,[-1],[-1],[-1],[13],"[18, 19, 20]",[2],"[5, 6, 34, 35]",[36],[-1]
111.0,5.0,فِے جِيدِهَا حَبْلٞ مِّن مَّسَدٖ,[-1],[-1],[-1],[-1],"[20, 21, 22, 25, 26, 27]","[18, 23]",[-1],"[15, 16, 30]",[-1]
112.0,1.0,قُلْ هُوَ اَ۬للَّهُ أَحَدٌ,[-1],[-1],[-1],[-1],[-1],[-1],"[0, 1, 14, 15, 16]",[24],[-1]
112.0,2.0,اِ۬للَّهُ اُ۬لصَّمَدُ,[-1],[-1],[-1],[-1],[-1],[13],"[4, 5, 6, 14, 15, 16]",[19],[-1]
112.0,3.0,لَمْ يَلِدْ وَلَمْ يُولَدْ,[-1],[-1],[-1],[-1],[-1],[-1],[-1],"[9, 10, 24, 25]",[-1]
112.0,4.0,وَلَمْ يَكُن لَّهُۥ كُفُؤاً اَحَدٞ,[-1],[-1],[-1],[18],[-1],[11],[-1],[32],[-1]
113.0,1.0,قُلَ اَعُوذُ بِرَبِّ اِ۬لْفَلَقِ,[-1],[-1],[-1],[-1],[-1],[-1],"[0, 1, 15, 16]",[30],[-1]
113.0,2.0,مِن شَرِّ مَا خَلَقَ,[-1],[-1],[-1],[-1],[2],[-1],"[14, 15]",[18],[-1]
113.0,3.0,وَمِن شَرِّ غَاسِقٍ اِذَا وَقَبَ,[-1],[-1],[-1],[-1],[4],[-1],"[12, 13, 17, 28, 29]",[30],[-1]
113.0,4.0,وَمِن شَرِّ اِ۬لنَّفَّٰثَٰتِ فِے اِ۬لْعُقَدِ,[-1],[-1],[-1],"[22, 25]","[4, 16, 17, 18]",[15],"[40, 41]",[42],[-1]
113.0,5.0,وَمِن شَرِّ حَاسِدٍ اِذَا حَسَدَ,[-1],[-1],[-1],[-1],[4],[-1],[-1],[30],[-1]
114.0,1.0,قُلَ اَعُوذُ بِرَبِّ اِ۬لنَّاسِ,[-1],[28],[-1],[-1],"[25, 26, 27]",[24],"[0, 1, 15, 16]",[-1],[-1]
114.0,2.0,مَلِكِ اِ۬لنَّاسِ,[-1],[14],[-1],[-1],"[11, 12, 13]",[10],[-1],[-1],[-1]
114.0,3.0,إِلَٰهِ اِ۬لنَّاسِ,[-1],[15],[-1],[4],"[12, 13, 14]",[11],[-1],[-1],[-1]
114.0,4.0,مِن شَرِّ اِ۬لْوَسْوَاسِ اِ۬لْخَنَّاسِ,[-1],[35],[-1],[-1],"[2, 32, 33, 34]",[-1],"[30, 31]",[-1],[-1]
114.0,5.0,اِ۬لذِے يُوَسْوِسُ فِے صُدُورِ اِ۬لنَّاسِ,[-1],[38],[-1],[-1],"[35, 36, 37]",[34],"[23, 24]",[-1],[-1]
114.0,6.0,مِنَ اَ۬لْجِنَّةِ وَالنَّاسِ,[-1],[25],[-1],[-1],"[12, 13, 14, 22, 23, 24]","[20, 21]",[-1],[-1],[-1]
